PIOTR,NOWAK,84
KRZYSZTOF,KOWALSKI,84
ANDRZEJ,WIŚNIEWSKI,84
TOMASZ,WÓJCIK,84
PAWEŁ,KOWALCZYK,84
JAN,KAMIŃSKI,84
MICHAŁ,LEWANDOWSKI,84
MARCIN,ZIELIŃSKI,84
JAKUB,WOŹNIAK,84
ADAM,SZYMAŃSKI,84
MAREK,DĄBROWSKI,84
STANISŁAW,KOZŁOWSKI,84
ŁUKASZ,MAZUR,83
GRZEGORZ,JANKOWSKI,83
MATEUSZ,KWIATKOWSKI,83
WOJCIECH,WOJCIECHOWSKI,83
MARIUSZ,KRAWCZYK,83
DARIUSZ,KACZMAREK,83
ZBIGNIEW,PIOTROWSKI,83
MACIEJ,GRABOWSKI,83
RAFAŁ,ZAJĄC,83
ROBERT,PAWŁOWSKI,83
JERZY,KRÓL,83
KAMIL,MICHALSKI,83
DAWID,WRÓBEL,82
JACEK,WIECZOREK,82
SZYMON,JABŁOŃSKI,82
JÓZEF,NOWAKOWSKI,82
KACPER,MAJEWSKI,82
RYSZARD,OLSZEWSKI,82
TADEUSZ,DUDEK,82
BARTOSZ,STĘPIEŃ,82
JAROSŁAW,JAWORSKI,82
ARTUR,ADAMCZYK,82
SŁAWOMIR,MALINOWSKI,82
JANUSZ,GÓRSKI,82
SEBASTIAN,PAWLAK,81
MIROSŁAW,NOWICKI,81
DAMIAN,SIKORA,81
PATRYK,WITKOWSKI,81
HENRYK,RUTKOWSKI,81
DANIEL,WALCZAK,81
PRZEMYSŁAW,BARAN,81
KAROL,MICHALAK,81
ROMAN,SZEWCZYK,81
FILIP,OSTROWSKI,81
ANTONI,TOMASZEWSKI,81
KAZIMIERZ,ZALEWSKI,81
ADRIAN,WRÓBLEWSKI,80
ALEKSANDER,PIETRZAK,80
WIESŁAW,JASIŃSKI,80
MARIAN,MARCINIAK,80
ARKADIUSZ,SADOWSKI,80
DOMINIK,DUDA,80
FRANCISZEK,BĄK,80
MIKOŁAJ,ZAWADZKI,80
BARTŁOMIEJ,JAKUBOWSKI,80
LESZEK,WILK,80
KRYSTIAN,CHMIELEWSKI,80
WIKTOR,BORKOWSKI,80
WALDEMAR,WŁODARCZYK,79
RADOSŁAW,SOKOŁOWSKI,79
ZDZISŁAW,SZCZEPAŃSKI,79
BOGDAN,SAWICKI,79
KONRAD,LIS,79
HUBERT,KUCHARSKI,79
EDWARD,KALINOWSKI,79
IGOR,WYSOCKI,79
MIECZYSŁAW,MAZUREK,79
WŁADYSŁAW,KUBIAK,79
OSKAR,MACIEJEWSKI,79
CZESŁAW,KOŁODZIEJ,79
MARCEL,KAŹMIERCZAK,78
OLEKSANDR,CZARNECKI,78
EUGENIUSZ,SOBCZAK,78
MAKSYMILIAN,KONIECZNY,78
BOGUSŁAW,KRUPA,78
MIŁOSZ,GŁOWACKI,78
IRENEUSZ,URBAŃSKI,78
STEFAN,MRÓZ,78
WITOLD,ZAKRZEWSKI,78
ZYGMUNT,WASILEWSKI,78
SYLWESTER,KRAJEWSKI,78
NIKODEM,LASKOWSKI,78
OLIWIER,SIKORSKI,77
LEON,ZIÓŁKOWSKI,77
ALAN,GAJEWSKI,77
WŁODZIMIERZ,SZULC,77
SERHII,MAKOWSKI,77
CEZARY,KOZAK,77
ZENON,KACZMARCZYK,77
ANDRII,BRZEZIŃSKI,77
VOLODYMYR,BARANOWSKI,77
NORBERT,PRZYBYLSKI,77
GABRIEL,KANIA,77
JULIAN,SZYMCZAK,77
IGNACY,JANIK,76
TYMOTEUSZ,BOROWSKI,76
FABIAN,BŁASZCZYK,76
TYMON,ADAMSKI,76
BŁAŻEJ,GÓRECKI,76
DMYTRO,SZCZEPANIAK,76
IVAN,CHOJNACKI,76
ERYK,KOZIOŁ,76
EMIL,MUCHA,76
MYKOLA,LESZCZYŃSKI,76
VITALII,LIPIŃSKI,76
VASYL,KOWALEWSKI,76
IHOR,ANDRZEJEWSKI,75
LECH,CZERWIŃSKI,75
BRONISŁAW,WESOŁOWSKI,75
WACŁAW,MIKOŁAJCZYK,75
YURII,ZIĘBA,75
OLEH,JAROSZ,75
MAKSYM,CIEŚLAK,75
BOLESŁAW,MUSIAŁ,75
NATAN,KOWALIK,75
KSAWERY,MARKOWSKI,75
MYKHAILO,KOŁODZIEJCZYK,75
VIKTOR,KOPEĆ,75
REMIGIUSZ,BRZOZOWSKI,74
BERNARD,NOWACKI,74
BORYS,PIĄTEK,74
OLAF,ŻAK,74
KAJETAN,DOMAŃSKI,74
EDMUND,PAWLIK,74
VLADYSLAV,ORŁOWSKI,74
BOHDAN,KUREK,74
KUBA,CIESIELSKI,74
LUCJAN,TOMCZYK,74
ROMUALD,TOMCZAK,74
OLEKSII,WÓJTOWICZ,74
ALBERT,KOT,73
TOBIASZ,WAWRZYNIAK,73
GRACJAN,KRUK,73
RUSLAN,POLAK,73
SEWERYN,WOLSKI,73
BRUNO,MARKIEWICZ,73
SZCZEPAN,SOWA,73
ALFRED,STASIAK,73
KORNEL,JASTRZĘBSKI,73
OLIVIER,KARPIŃSKI,73
JOACHIM,STANKIEWICZ,73
LUDWIK,URBANIAK,73
ERNEST,KLIMEK,72
ALEXANDER,PIASECKI,72
PAVLO,ŁUCZAK,72
LESŁAW,CZAJKOWSKI,72
ARTEM,WIERZBICKI,72
DENYS,NAWROCKI,72
BOGUMIŁ,GAJDA,72
VADYM,BIELECKI,72
ANATOLII,DZIEDZIC,72
GERARD,STEFAŃSKI,72
JĘDRZEJ,BEDNAREK,72
ALEX,MADEJ,72
FELIKS,JANICKI,71
YAROSLAV,MILEWSKI,71
DAVID,SOSNOWSKI,71
ALIAKSANDR,SKIBA,71
PETRO,KOWAL,71
YEVHEN,LEŚNIAK,71
LEONARD,MAJ,71
JULIUSZ,MAJCHRZAK,71
ANDREI,JÓŹWIAK,71
ALOJZY,URBAN,71
VALERII,ŚLIWIŃSKI,71
ALEKS,MAŁECKI,71
KLAUDIUSZ,SOCHA,70
YEVHENII,MAREK,70
ANTON,DOMAGAŁA,70
DORIAN,BEDNARCZYK,70
TARAS,KASPRZAK,70
OLIVER,WRONA,70
TEODOR,DOBROWOLSKI,70
NATANIEL,PAJĄK,70
MARTIN,MATUSZEWSKI,70
BENEDYKT,MICHALIK,70
DENIS,RATAJCZAK,70
SIARHEI,OLEJNICZAK,70
KONSTANTY,ORZECHOWSKI,69
CYPRIAN,ROMANOWSKI,69
RAJMUND,ŚWIĄTEK,69
VIACHESLAV,WILCZYŃSKI,69
MICHAEL,KUROWSKI,69
GUSTAW,OLEJNIK,69
STANISLAV,GRZELAK,69
MILAN,ROGOWSKI,69
MIESZKO,ŁUKASIK,69
SAMUEL,MAZURKIEWICZ,69
BRAJAN,OWCZAREK,69
DZMITRY,BUKOWSKI,69
KOSTIANTYN,SROKA,68
RUDOLF,SOBOLEWSKI,68
OLEG,KOSIŃSKI,68
FLORIAN,BARAŃSKI,68
KEVIN,RYBAK,68
MARCELI,KĘDZIERSKI,68
HIERONIM,ZYCH,68
IWO,MARSZAŁEK,68
WINCENTY,BEDNARZ,68
ARIEL,SOBCZYK,68
STEPAN,MARCINKOWSKI,68
FRYDERYK,SKOWROŃSKI,68
ERWIN,MATUSIAK,67
VALENTYN,KOZIEŁ,67
BENIAMIN,CHRZANOWSKI,67
KORDIAN,LISOWSKI,67
ZYGFRYD,ŚWIDERSKI,67
ALEKSY,KASPRZYK,67
JEREMI,BEDNARSKI,67
ILLIA,BIAŁEK,67
SERGII,KUCZYŃSKI,67
NAZAR,PLUTA,67
ROLAND,WITEK,67
PAVEL,KWIECIEŃ,67
SERGIUSZ,GRZYBOWSKI,66
MAXIMILIAN,PALUCH,66
PATRICK,TUREK,66
EDUARD,MUSZYŃSKI,66
AMADEUSZ,CZAJKA,66
OLGIERD,CHMIEL,66
VICTOR,JĘDRZEJEWSKI,66
THOMAS,JANISZEWSKI,66
WALENTY,MORAWSKI,66
OSCAR,MARCZAK,66
EMILIAN,MAŁEK,66
BRUNON,MARZEC,66
AUGUSTYN,KACZOR,65
KEWIN,KUBICKI,65
MARK,ŚLIWA,65
ALIAKSEI,ŻUKOWSKI,65
NICOLAS,CZAJA,65
LEO,PIEKARSKI,65
ANDRIY,SZCZĘSNY,65
LEONID,CZECH,65
OLIWER,OSIŃSKI,65
LEOPOLD,PRZYBYSZ,65
ADOLF,JANOWSKI,65
GIORGI,KULESZA,65
MAURYCY,KRZEMIŃSKI,64
ARNOLD,STEFANIAK,64
MAKSIM,GOŁĘBIEWSKI,64
HERBERT,RAK,64
PETER,BIERNACKI,64
ALBIN,LECH,64
YURY,SMOLIŃSKI,64
YAUHENI,SZYDŁOWSKI,64
VITALI,SERAFIN,64
ROSTYSLAV,BANACH,64
WILHELM,KUJAWA,64
ULADZIMIR,LEWICKI,64
DANYLO,STANISZEWSKI,63
OKTAWIAN,MICHAŁOWSKI,63
ALFONS,CIEŚLIK,63
ANATOL,GÓRA,63
JEREMIASZ,KACPRZAK,63
NATHAN,MURAWSKI,63
MYKYTA,POPŁAWSKI,63
CHRISTIAN,STACHOWIAK,63
EMANUEL,RUDNICKI,63
NAZARII,DĘBSKI,63
BENJAMIN,PIETRZYK,63
HELMUT,ŻUREK,63
MIKHAIL,PIĄTKOWSKI,62
WALTER,GÓRNY,62
KORNELIUSZ,GÓRKA,62
JONASZ,NIEMIEC,62
MANFRED,ZAWADA,62
IURII,KARCZEWSKI,62
EDWIN,BANAŚ,62
JACOB,PODGÓRSKI,62
HENNADII,MATYSIAK,62
IHAR,ŻURAWSKI,62
KYRYLO,SOWIŃSKI,62
GINTER,KLIMCZAK,62
JONATAN,GOŁĘBIOWSKI,61
KRYSPIN,CZYŻ,61
YURIY,ROSIŃSKI,61
MAX,DROZD,61
KASPER,BIENIEK,61
XAVIER,KUŚ,61
WERNER,GRUSZKA,61
VIKTAR,GODLEWSKI,61
ALEH,AUGUSTYNIAK,61
TEOFIL,KRAWIEC,61
HUGO,SKRZYPCZAK,61
ZIEMOWIT,PANEK,61
NIKOLAS,GROCHOWSKI,60
PAUL,PTAK,60
ARON,PRZYBYŁA,60
TYTUS,GIL,60
ULADZISLAU,KOMOROWSKI,60
MIRON,WINIARSKI,60
MIKALAI,KONOPKA,60
MATTHEW,RÓŻAŃSKI,60
DANIIL,SIWEK,60
WALERIAN,KULIK,60
HRYHORII,SŁOWIK,60
LECHOSŁAW,CYBULSKI,60
DZIANIS,LEŚNIEWSKI,59
VLADIMIR,GRZYB,59
ION,SZCZEPANIK,59
KSAWIER,KŁOS,59
PHILIP,ZAREMBA,59
NIKITA,KRZYŻANOWSKI,59
ANDREAS,CICHOŃ,59
PATRYCJUSZ,ZARZYCKI,59
YEHOR,GRACZYK,59
CHRISTOPHER,TOKARSKI,59
ANTHONY,MIELCZAREK,59
JOHN,MŁYNARCZYK,59
KLEMENS,KACZYŃSKI,58
ALEKSANDR,MIKOŁAJCZAK,58
MYKHAYLO,STAŃCZYK,58
MARCO,BUCZEK,58
LONGIN,SZOSTAK,58
FERDYNAND,CICHOCKI,58
ELIASZ,SZYMCZYK,58
RAFAEL,BIERNAT,58
MAKS,WĘGRZYN,58
SIMON,STRZELECKI,58
MOHAMED,JUREK,58
MYROSLAV,BARTKOWIAK,58
ALI,MAĆKOWIAK,57
WAWRZYNIEC,JANUS,57
HORST,SZCZYGIEŁ,57
RAMAN,SKOWRON,57
JACENTY,GĄSIOR,57
SVIATOSLAV,BOGUSZ,57
VITALIY,GAWRON,57
VALERY,CIEŚLA,57
VADZIM,FILIPIAK,57
VINCENT,KALETA,57
KASJAN,KUCHARCZYK,57
SERHIY,NIEWIADOMSKI,57
JONATHAN,JANIAK,56
OREST,KULA,56
ROCH,KOSTRZEWA,56
BRIAN,RZEPKA,56
ARTSIOM,KUBIK,56
NICHOLAS,KSIĄŻEK,56
SERGHEI,PAŁKA,56
LIUBOMYR,RAKOWSKI,56
JAROMIR,SIENKIEWICZ,56
DIONIZY,BAGIŃSKI,56
ANTONIO,GAWLIK,56
ALEXANDR,RÓŻYCKI,56
RICHARD,ANTCZAK,55
KOSMA,FRĄCZEK,55
WILLIAM,ZARĘBA,55
ŁUCJAN,MALEC,55
IZYDOR,BARTCZAK,55
ELIGIUSZ,TRZCIŃSKI,55
GERHARD,BANASIAK,55
ILYA,KRÓLIKOWSKI,55
LEONARDO,ŻEBROWSKI,55
RADOMIR,ROGALSKI,55
EWALD,DŁUGOSZ,55
MIHAIL,MIKULSKI,55
LUCAS,HAJDUK,54
LUKAS,ROGALA,54
DENNIS,ROJEK,54
DAVYD,TKACZYK,54
ERIC,LACH,54
MARKUS,GRZEGORCZYK,54
JAMES,BOREK,54
ANATOLI,KISIEL,54
MIKITA,TROJANOWSKI,54
ANDREW,GAWROŃSKI,54
WIT,DOBOSZ,54
AARON,STEC,54
ROGER,WĄSIK,53
FRANK,WITCZAK,53
DAVIT,MALISZEWSKI,53
DIEGO,WOLNY,53
YAN,RYBICKI,53
ERIK,RADOMSKI,53
MAXIM,ŚLUSARCZYK,53
ZBYSŁAW,MIKA,53
KIRYL,ZABOROWSKI,53
AHMED,KMIECIK,53
SERGIY,BIAŁAS,53
MARIO,PAWELEC,53
DOMINIC,WALKOWIAK,52
BAZYLI,GRZESIAK,52
FEDIR,GAŁĄZKA,52
ARTHUR,KACZOROWSKI,52
JORDAN,LIPSKI,52
ALEXANDRU,SOKÓŁ,52
PASCAL,BOGUCKI,52
MARKO,FRĄCKOWIAK,52
JUAN,FRANKOWSKI,52
CARLOS,KARWOWSKI,52
JOSEPH,WNUK,52
BRAYAN,BOCHENEK,52
LIAM,CICHY,51
VIACHASLAU,ZYGMUNT,51
AUGUST,KWAŚNIEWSKI,51
TYMOFII,WÓJCICKI,51
VASILI,WIĘCKOWSKI,51
MATTEO,NAWROT,51
LUCA,ŻMUDA,51
CYRYL,DUDZIŃSKI,51
FRANCESCO,JUSZCZAK,51
VADIM,JANAS,51
VASILE,PASTERNAK,51
KLAUS,PIETRAS,51
SERGEI,MROCZEK,50
JOSE,GAWEŁ,50
ALLAN,ROSIAK,50
ARSEN,SKRZYPEK,50
ALESSANDRO,WOJTCZAK,50
WOLFGANG,MISIAK,50
BONIFACY,LASOTA,50
IRAKLI,ŁAPIŃSKI,50
DMITRII,PIÓRKOWSKI,50
BRYAN,JĘDRZEJCZYK,50
MEHMET,KARAŚ,50
IVO,WROŃSKI,50
LUIS,FIJAŁKOWSKI,49
VLADISLAV,BUJAK,49
NICOLAE,KOŁODZIEJSKI,49
AMIR,DĄBEK,49
NATHANIEL,BURZYŃSKI,49
BOGUSZ,KUBACKI,49
ALEXANDRE,KRYSIAK,49
MATVII,CZYŻEWSKI,49
ZBYSZEK,GRUSZCZYŃSKI,49
TYMUR,PIWOWARCZYK,49
MANUEL,GUTOWSKI,49
OMAR,BOROWIEC,49
EDGAR,MASŁOWSKI,48
HEORHII,SOŁTYS,48
RYAN,SZAFRAŃSKI,48
JOSHUA,JAGODZIŃSKI,48
MOHAMMAD,TARNOWSKI,48
MUHAMMAD,ŁUKASZEWSKI,48
JAKOB,STELMACH,48
DYMITR,ZAJĄCZKOWSKI,48
NOAH,JAGIEŁŁO,48
ANATOLIY,CEBULA,48
GNIEWOMIR,KAŁUŻNY,48
ROBERTO,ZIELONKA,48
IAN,BIELAWSKI,47
DONAT,LISIECKI,47
IEVGEN,WOŹNY,47
STANISLAU,ŁUKASIEWICZ,47
FELIX,CYGAN,47
KARIM,KAŁUŻA,47
COLIN,KRAKOWIAK,47
MAXYMILIAN,PILARSKI,47
SERGEY,JURKIEWICZ,47
SERGIU,SKOCZYLAS,47
LUBOMIR,FALKOWSKI,47
HERMAN,WILCZEK,47
MUSTAFA,BOBER,46
HENRY,SZCZEŚNIAK,46
AURELIUSZ,PAKUŁA,46
GEORGE,DRZEWIECKI,46
KAI,FILIPEK,46
HANS,SKIBIŃSKI,46
KANSTANTSIN,JĘDRZEJCZAK,46
DUMITRU,KĘDZIORA,46
KURT,SOBIERAJ,46
IAROSLAV,JAKUBIAK,46
DIETER,STRZELCZYK,46
CRISTIAN,DĘBOWSKI,46
ANDREA,GĄSIOROWSKI,45
JUSTIN,FLIS,45
GHEORGHE,TWARDOWSKI,45
MATTHIAS,RACZYŃSKI,45
RICARDO,WASIAK,45
PHILIPP,GOŁĄB,45
PABLO,STANEK,45
MOHAMMED,KUBICA,45
SAMIR,MIERZEJEWSKI,45
YAHOR,GUZIK,45
HERONIM,KULIG,45
ALEKSEI,GÓRNIAK,45
ZACHARY,GÓRAL,44
BORIS,WIĘCEK,44
HENADZI,MAJCHER,44
CONSTANTIN,BARTOSIK,44
MICHAL,WOLAK,44
BENON,DZIUBA,44
TRISTAN,MATUSZAK,44
RUSTAM,MOTYKA,44
LEVAN,GRZYWACZ,44
EUZEBIUSZ,RUSIN,44
BARTEK,DROZDOWSKI,44
GIUSEPPE,BILSKI,44
ARMIN,SZWED,43
ZBYSZKO,NOWACZYK,43
TIMUR,BURY,43
JORGE,FLOREK,43
ZACHARIASZ,WOJTAS,43
LASHA,CZAPLA,43
ANGELO,STOLARCZYK,43
ALEJANDRO,CHOLEWA,43
IBRAHIM,PYTEL,43
KRISTIAN,KRUPIŃSKI,43
ILIA,URBAŃCZYK,43
CHRYSTIAN,PACZKOWSKI,43
RONALD,KASZUBA,42
MYRON,JAŚKIEWICZ,42
MIGUEL,KOPCZYŃSKI,42
TOBIAS,MICHAŁEK,42
SERGIO,ZAGÓRSKI,42
JOEL,BIELAK,42
DYLAN,KUC,42
RUBEN,DUBIEL,42
TOM,PROKOP,42
VALENTIN,MISZTAL,42
GIOVANNI,GWÓŹDŹ,42
VALERIY,MALICKI,42
ALBERTO,RUCIŃSKI,41
ZAKHAR,STASZEWSKI,41
MAMUKA,BIAŁY,41
AXEL,ANDRZEJCZAK,41
IWAN,JANKOWIAK,41
OSTAP,BOŻEK,41
KASPIAN,PARTYKA,41
MICHEL,SIEDLECKI,41
FABIO,ŚWIERCZYŃSKI,41
STEVEN,CISZEWSKI,41
ANDREY,KUCHTA,41
GUY,MODZELEWSKI,41
MARC,SŁOWIŃSKI,40
MARCUS,SKÓRA,40
DAN,KĘPA,40
HARALD,PŁONKA,40
CHRISTOPH,JANUSZ,40
CASPER,ZWOLIŃSKI,40
EDUARDO,GAŁKA,40
ZURAB,KACZMARSKI,40
KONSTANTIN,SIERADZKI,40
FERNANDO,BIEŃKOWSKI,40
OLEKSIY,KAPUSTA,40
YAUHEN,MILCZAREK,40
KARL,STACHURA,39
JOSEF,JURKOWSKI,39
PEDRO,SOCHACKI,39
NARCYZ,SZCZERBA,39
HILARY,SŁAWIŃSKI,39
DAVIDE,JEZIERSKI,39
JEAN,PAWLIKOWSKI,39
LUKA,SZYSZKA,39
PATRIK,SITEK,39
NICOLAI,STĘPNIAK,39
JANUARY,KOLASA,39
REINHOLD,JACKOWSKI,39
WALERY,WOŚ,38
MIKE,ROSA,38
ZAZA,CHMURA,38
AHMET,OLCZAK,38
TOMAS,IWAŃSKI,38
RAJNOLD,MROCZKOWSKI,38
FRANCISCO,LIPKA,38
GNIEWKO,DUDZIK,38
JUSTYN,BRODA,38
GEORG,KNAPIK,38
LOUIS,MAŚLANKA,38
HLIB,KWIECIŃSKI,38
DANYIL,NOGA,37
FEDERICO,DEC,37
TIMOTHY,MAJKA,37
DMITRY,MAŃKOWSKI,37
IDZI,SKALSKI,37
CHARLES,SZATKOWSKI,37
SEMEN,SALAMON,37
TYCJAN,KOGUT,37
GOCHA,TRZECIAK,37
AMIT,TOKARZ,37
JOHANNES,KOZA,37
ETHAN,CHOJNOWSKI,37
EMMANUEL,FLORCZAK,36
NICO,KITA,36
VEACESLAV,DUDZIAK,36
PETR,LENART,36
VITALIE,MROZEK,36
JASON,DOBRZYŃSKI,36
STEPHEN,MOLENDA,36
JAVIER,WŁODARSKI,36
CEZARIUSZ,WYSZYŃSKI,36
RAYAN,STANISŁAWSKI,36
JURAND,KOBUS,36
MICHELE,KOWALCZUK,36
SANTIAGO,KOŁAKOWSKI,35
HEINZ,SKOWRONEK,35
ALEXEI,ZDUNEK,35
ARMEN,BUCZYŃSKI,35
AHMAD,MICHALCZYK,35
ALEKSANDRE,PASZKOWSKI,35
PHILIPPE,PUCHALSKI,35
ZENOBIUSZ,KOTOWSKI,35
OTTO,KIEŁBASA,35
KRZESIMIR,KRUSZEWSKI,35
ISMAIL,JANUSZEWSKI,35
JUREK,DOMINIAK,35
JACK,CHUDY,34
PAOLO,KAWA,34
LORENZO,ŻUK,34
HASAN,CZECHOWSKI,34
LEV,WARCHOŁ,34
WIACZESŁAW,KOS,34
SERAFIN,GRZESIK,34
FRANEK,AUGUSTYN,34
DMITRI,ADAMUS,34
PETRU,ADAMCZAK,34
ENGELBERT,ROBAK,34
MAKARY,PIECHOTA,34
OKTAWIUSZ,PILCH,33
BASTIAN,JAGIELSKI,33
SYLWERIUSZ,KŁOSOWSKI,33
WIEŃCZYSŁAW,WIĄCEK,33
NOEL,MACIĄG,33
OMER,CHUDZIK,33
SAMBOR,RYŚ,33
EWARYST,STOLARSKI,33
RODION,BĄKOWSKI,33
ROBIN,ADAMEK,33
JURIJ,GŁOGOWSKI,33
KRYSTYN,KOPER,33
APOLINARY,JURCZAK,32
GWIDON,PRZYBYŁ,32
ALEXEY,BANASIK,32
DITER,FILIPOWICZ,32
KIRILL,RUDZIŃSKI,32
MURAT,ŻYŁA,32
FELICJAN,KALISZ,32
DMYTRII,SURMA,32
MAKAR,JARZĄBEK,32
EVGENII,NIEDŹWIECKI,32
NIKOLAI,MARCHEWKA,32
BEN,TOMALA,32
XAWERY,DĄBKOWSKI,31
MARCELO,PORĘBSKI,31
VALIANTSIN,KASPEREK,31
MIROSLAV,KUŹMA,31
BEKA,RUDNIK,31
PHILLIP,BUDZYŃSKI,31
IURIE,PRUS,31
SEAN,OLEKSY,31
WITALIS,STAŃCZAK,31
RAJNARD,MALIK,31
SVEN,PIŁAT,31
CLAUDIO,MOSKAL,31
NIKO,KANIEWSKI,30
WITALIJ,KOPACZ,30
REINHARD,GORCZYCA,30
ELIAS,SOŁTYSIAK,30
IEVGENII,GADOMSKI,30
LEANID,JAROS,30
BRANDON,ROMANIUK,30
ANDRÉ,NIEMCZYK,30
GREGORY,BUCZKOWSKI,30
MARTYN,ZIĘTEK,30
NIKA,WYPYCH,30
ABDUL,MIŚKIEWICZ,30
JOSÉ,TRACZ,29
LARS,SZELĄG,29
TYBERIUSZ,KUCIŃSKI,29
RUFIN,BARTNIK,29
SIMONE,GOLEC,29
LUDOMIR,DRABIK,29
GEORGIOS,KORZENIOWSKI,29
MAXIME,SOJKA,29
VALERIU,TRELA,29
NIKOLAY,BALCERZAK,29
NORMAN,WOLIŃSKI,29
WADIM,KRUCZEK,29
PIERRE,SZYMKOWIAK,28
ALON,MELNYK,28
ROY,WARZECHA,28
OSWALD,GŁĄB,28
YUVAL,STACHOWICZ,28
GELA,ZABŁOCKI,28
HIPOLIT,KUJAWSKI,28
KAREN,RYBARCZYK,28
DENIZ,RADECKI,28
RAPHAEL,STACHURSKI,28
KIRIL,BŁASZCZAK,28
WINCENT,OSSOWSKI,28
HARRY,SĘK,27
ARSENII,PIETRUSZKA,27
STEFANO,PIOTROWICZ,27
MARIUS,DRÓŻDŻ,27
ARTSEM,MAGIERA,27
ARKADII,FRĄTCZAK,27
JONAS,JURCZYK,27
THEO,BUDZIŃSKI,27
ANATOLIE,RUDZKI,27
ARMAND,ŚLĘZAK,27
DAVITI,PELC,27
SYLWIUSZ,ADAMIAK,27
TORNIKE,ROMAN,26
IDO,BIAŁKOWSKI,26
JEREMY,SZUBA,26
WASYL,LESIAK,26
LEW,KULIŃSKI,26
TOMER,ZIMNY,26
OLEKSANDER,KMIEĆ,26
DOBROMIR,BIELSKI,26
MATHIAS,NIEDZIELSKI,26
WINICJUSZ,FURMAN,26
RICCARDO,KRAKOWSKI,26
YARASLAU,KOSTECKI,26
GENNADII,WOŹNICA,25
GABRIELE,MIERZWA,25
MIKHEIL,KOZIK,25
EMRE,KOSOWSKI,25
ANDRE,BIELIŃSKI,25
ANTOINE,ŚWIDER,25
ARIAN,PEŁKA,25
CONRAD,ADAMOWICZ,25
DAMIR,OLCZYK,25
DANIL,SOBOTA,25
TIM,TOMASIK,25
JÜRGEN,SKORUPA,25
ALEKSANDAR,BANASZEK,24
EYAL,POLAŃSKI,24
PAATA,WOJTASIK,24
MATEO,GRUDZIEŃ,24
SAMI,GUT,24
TOMÁŠ,PAWLICKI,24
TEO,WOŁOSZYN,24
NIKOLOZ,STAWICKI,24
DARIO,GRZEŚKOWIAK,24
HLEB,SEKUŁA,24
DANIELE,URBANEK,24
NATANAEL,SOBAŃSKI,24
DASTIN,ŚMIGIELSKI,23
MEDARD,CZEKAJ,23
RAUL,POGORZELSKI,23
ABDULLAH,MILLER,23
ABRAHAM,KAWECKI,23
JENS,PIWOWARSKI,23
VYACHESLAV,TOKARCZYK,23
VALERI,WOJTKOWIAK,23
GILBERT,URBANOWICZ,23
APOLONIUSZ,CZERNIAK,23
KOBA,LITWIN,23
BAZYL,KĘDZIOR,23
TAL,BOGACZ,22
RALF,LORENC,22
GUSTAVO,PIĘTKA,22
YUSUF,ŻUCHOWSKI,22
WITOSŁAW,JUSZCZYK,22
LEVANI,KNAP,22
NOAM,LISZKA,22
VASIL,SZWARC,22
ALEK,ŚWIĄTKOWSKI,22
YOAV,BISKUP,22
MAHMOUD,WIŚNIOWSKI,22
DEMIAN,MAKUCH,22
GREGOR,GACEK,21
NIKOLA,KRASOWSKI,21
JAREMA,HERMAN,21
JOHANN,GRUDZIŃSKI,21
ZINOVII,SZOT,21
MOSHE,RATAJCZYK,21
FELIPE,IZDEBSKI,21
ARMAN,NAPIERAŁA,21
ANDRES,ROSZKOWSKI,21
VIOREL,SZAREK,21
RADEK,KRUKOWSKI,21
SIERGIEJ,STUDZIŃSKI,21
AMBROŻY,ŚLEDŹ,20
RODRIGO,KWIATEK,20
NESTOR,KARCZ,20
ELDAR,KAWKA,20
ITAY,MACKIEWICZ,20
MOHAMAD,SIWIEC,20
KAJ,BORYS,20
GAWEŁ,JAKUBCZYK,20
GNIEWOSZ,KUKLA,20
YEVGEN,MAŃKA,20
YAKIV,RYBKA,20
MAGOMED,KUSIAK,20
PAULO,PAPROCKI,19
OLEK,JÓŹWIK,19
MARIN,ROSZAK,19
UWE,DUSZYŃSKI,19
ANTONY,ROŻEK,19
JOÃO,MAZIARZ,19
SHOTA,ŁUKASZEWICZ,19
RENE,RESZKA,19
DIMITRI,JEZIORSKI,19
GIA,WOJDA,19
FRANCIS,BOBROWSKI,19
LUIGI,ALEKSANDROWICZ,19
SANDRO,GRZYBEK,18
MALKHAZ,TUROWSKI,18
BERND,WACH,18
CHRISTOPHE,KRASZEWSKI,18
SALVATORE,RUSEK,18
JULIEN,TKACZ,18
GÜNTER,SZKUDLAREK,18
NIKOLAOS,FILIP,18
NICOLA,SIDOR,18
MASSIMO,SMOLEŃ,18
ARTIOM,MAŁKOWSKI,18
LUKE,SZELIGA,18
GEORGI,HOFFMANN,17
DOBIESŁAW,ŚPIEWAK,17
ENRICO,WRZESIŃSKI,17
YOSYP,KORCZAK,17
MARCOS,WERNER,17
SOBIESŁAW,SZCZUREK,17
FRANZ,GRODZKI,17
EGOR,MIELCAREK,17
GOTFRYD,NIEDZIELA,17
BERNHARD,SZOPA,17
VAN,KĘPKA,17
ERICH,KRUSZYŃSKI,17
MERT,KRÓLAK,16
ORI,KORZENIEWSKI,16
RON,WAJDA,16
DIMITRIOS,PĘKALA,16
BRAIAN,STASZAK,16
KYRYL,DROŻDŻ,16
GORAN,GRABARCZYK,16
PIETRO,KOSMALA,16
ANDRIAN,OLECH,16
SHALVA,SZYMANEK,16
CHRISTOS,PIECH,16
ISRAEL,BUGAJSKI,16
BADRI,MAJKOWSKI,15
TSIMAFEI,PLICHTA,15
RADZISŁAW,KULPA,15
MATIAS,LEWIŃSKI,15
DARIUS,RZEPECKI,15
RAINER,GĄSIOREK,15
DOBROSŁAW,PERKOWSKI,15
ANDREJ,SUSKI,15
ANGEL,BOGDAŃSKI,15
DIRK,GOLA,15
TEIMURAZ,LIPIEC,15
MARAT,SKONIECZNY,15
VASILII,RADZISZEWSKI,14
ZVIAD,KAPUŚCIŃSKI,14
ZURABI,BARTOSZEK,14
AVTANDIL,JAKUBIEC,14
EUGEN,RODAK,14
ISLAM,KOKOSZKA,14
BURAK,ROGOZIŃSKI,14
KONSTANTINOS,KURZAWA,14
EVGENY,PANASIUK,14
CARLO,WASIELEWSKI,14
SŁAWEK,SCHMIDT,14
EMIR,PISZCZEK,14
RAMI,SUŁKOWSKI,13
NOE,ORZEŁ,13
TELESFOR,WOJTOWICZ,13
HASSAN,KUPIEC,13
CELESTYN,RACZKOWSKI,13
VINCENZO,SUCHECKI,13
ERHARD,OLSZAK,13
MAURO,WRZOSEK,13
MATHIEU,LANGE,13
HEINRICH,PISAREK,13
PASKAL,DYMEK,13
MODEST,OŻÓG,13
BRAK DANYCH,ROKICKI,12
ISAAC,WIELGUS,12
ONUR,PASZKIEWICZ,12
MUHAMMED,SZPAK,12
STANLEY,GOLIŃSKI,12
ALESSIO,KOKOT,12
IURI,KAŹMIERSKI,12
JEFFREY,KOZAKIEWICZ,12
DMITRIJ,GOŁĄBEK,12
JOZEF,JANCZAK,12
MIHAI,KAWALEC,12
GLEB,ZAPAŁA,12
NADAV,ADAMIEC,11
KAKHABER,JASKULSKI,11
WOJTEK,RÓG,11
YOUSSEF,GŁADYSZ,11
STANISLAW,WYRZYKOWSKI,11
NIR,OSOWSKI,11
GRIGORE,BIELA,11
IOANNIS,BIAŁECKI,11
MATTIA,BANASZAK,11
VSEVOLOD,WOJTASZEK,11
BOŻYDAR,BRODOWSKI,11
JÖRG,BUGAJ,11
MAIK,STOKŁOSA,10
MARYAN,BARSZCZ,10
MATSVEI,BOJARSKI,10
ÖMER,CHROBAK,10
JAROSLAV,LASEK,10
DAMAZY,KOPROWSKI,10
VLADIMER,ŚWIERCZEK,10
MIKOLAJ,GRUCA,10
EUGENIU,MATUSIK,10
GHENADIE,ROMAŃSKI,10
OMRI,BRZESKI,10
OSMAN,GARBACZ,10
GAL,SZYMANOWSKI,9
TEMUR,KONARSKI,9
BARYS,PLEWA,9
FIODOR,MACH,9
HEKTOR,NGUYEN,9
STEPHAN,SUDOŁ,9
TAMAZ,MĄCZKA,9
HAMZA,POTOCKI,9
DOMENICO,LOREK,9
ALVARO,SMOLAREK,9
URI,KAROLAK,9
LOTAR,SOLECKI,9
MAXIMILLIAN,NOWIŃSKI,8
GERALD,PIERZCHAŁA,8
GUIDO,KOSTKA,8
KAKHA,KOCHAŃSKI,8
ARMANDO,SUROWIEC,8
EVGHENI,GABRYŚ,8
IDAN,KALIŃSKI,8
SAJMON,JAMRÓZ,8
ROMEO,WASZKIEWICZ,8
KOSTYANTYN,BALICKI,8
WILLI,SZCZYGIELSKI,8
KHALED,PŁATEK,8
ADRIANO,AMBROZIAK,7
DACJAN,ŁACH,7
LIOR,PISKORZ,7
ENRIQUE,PUCHAŁA,7
MIŁOSŁAW,BILIŃSKI,7
DONALD,BURDA,7
SAID,PIECHOCKI,7
JAIME,CZARNOTA,7
TIAGO,DZIKOWSKI,7
VITAL,PASZEK,7
YULIAN,TRACZYK,7
ARSENI,WÓJCIAK,7
ARAM,SALA,6
TONY,ŚWITAŁA,6
MINH,WAGNER,6
ANIL,KOLASIŃSKI,6
GIVI,WŁOCH,6
FARID,WDOWIAK,6
ULRICH,BIEL,6
KENNETH,PASEK,6
NIKOS,PIĘTA,6
JOHAN,ZBOROWSKI,6
RENÉ,SZYMANIAK,6
CARL,BERNAT,6
VALENTINO,OKOŃ,5
RENAT,BUREK,5
URBAN,KRAUZE,5
LUCIANO,BARON,5
MIKAEL,MĄDRY,5
KILIAN,KEMPA,5
IGNACIO,WALCZYK,5
GUILLAUME,BŁOŃSKI,5
BARNABA,DOLATA,5
ILAN,STENCEL,5
PAWEL,ZAWISTOWSKI,5
DYONIZY,OSUCH,5
GIGA,GRELA,4
RENATO,SKWAREK,4
NICOLÁS,JAROSZEWSKI,4
LAURENT,ADAMCZEWSKI,4
CEZAR,OLEŚ,4
EGON,BATOR,4
MERAB,DZIURA,4
KHVICHA,WACHOWIAK,4
SCOTT,STACHOWSKI,4
MUSA,MODRZEJEWSKI,4
YEVGENIY,JEDYNAK,4
RAMAZ,FIGURA,4
EMILIO,OGÓREK,3
JANIS,FRANCZAK,3
ERAN,WEBER,3
MAURICIO,CICHOSZ,3
FRANCO,KAPICA,3
OR,ZARĘBSKI,3
OTTON,FERENC,3
DAMIEN,GAZDA,3
ASLAN,MULARCZYK,3
PLATON,WĄSOWSKI,3
GUILLERMO,CIOŁEK,3
LUCJUSZ,MIŚ,3
MURAD,MIECZKOWSKI,2
LYUBOMYR,MROWIEC,2
GIACOMO,GÓRALCZYK,2
AKAKI,MOROZ,2
KONSTANTYN,DOLIŃSKI,2
RAMIN,STĘPNIEWSKI,2
ADNAN,WALIGÓRA,2
HAKAN,ŁOŚ,2
TAREK,OZGA,2
LOGAN,KOŚCIELNIAK,2
DMITRIY,GROBELNY,2
KAMAL,KOZYRA,2
IBRAGIM,PARADOWSKI,1
MARVIN,PÓŁTORAK,1
DANILA,MAJDA,1
